{
	"class_name" : "PinholeCameraParameters",
	"extrinsic" : 
	[
		-0.45427456362336605,
		0.49458737158996385,
		-0.74095745674669578,
		0.0,
		0.86614838917015213,
		0.43975459725892913,
		-0.23749286752992796,
		0.0,
		0.20837847485465305,
		-0.74966607636558302,
		-0.62815538297771567,
		0.0,
		-1.2325762173455761,
		-0.41134964397728169,
		89.138722494809315,
		1.0
	],
	"intrinsic" : 
	{
		"height" : 1080,
		"intrinsic_matrix" : 
		[
			935.30743608719399,
			0.0,
			0.0,
			0.0,
			935.30743608719399,
			0.0,
			959.5,
			539.5,
			1.0
		],
		"width" : 1920
	},
	"version_major" : 1,
	"version_minor" : 0
}